-- MySQL dump 10.13  Distrib 5.7.26, for Linux (x86_64)
--
-- Host: localhost    Database: msmother_pharma
-- ------------------------------------------------------
-- Server version	5.7.26-0ubuntu0.18.10.1

/*!40101 SET @OLD_CHARACTER_SET_CLIENT=@@CHARACTER_SET_CLIENT */;
/*!40101 SET @OLD_CHARACTER_SET_RESULTS=@@CHARACTER_SET_RESULTS */;
/*!40101 SET @OLD_COLLATION_CONNECTION=@@COLLATION_CONNECTION */;
/*!40101 SET NAMES utf8 */;
/*!40103 SET @OLD_TIME_ZONE=@@TIME_ZONE */;
/*!40103 SET TIME_ZONE='+00:00' */;
/*!40014 SET @OLD_UNIQUE_CHECKS=@@UNIQUE_CHECKS, UNIQUE_CHECKS=0 */;
/*!40014 SET @OLD_FOREIGN_KEY_CHECKS=@@FOREIGN_KEY_CHECKS, FOREIGN_KEY_CHECKS=0 */;
/*!40101 SET @OLD_SQL_MODE=@@SQL_MODE, SQL_MODE='NO_AUTO_VALUE_ON_ZERO' */;
/*!40111 SET @OLD_SQL_NOTES=@@SQL_NOTES, SQL_NOTES=0 */;

--
-- Table structure for table `brands`
--

DROP TABLE IF EXISTS `brands`;
/*!40101 SET @saved_cs_client     = @@character_set_client */;
/*!40101 SET character_set_client = utf8 */;
CREATE TABLE `brands` (
  `id` int(11) NOT NULL AUTO_INCREMENT,
  `name` varchar(128) NOT NULL,
  `dose_formation` varchar(32) NOT NULL COMMENT 'dose_formation:',
  `weightage` float DEFAULT NULL,
  `unit` varchar(4) DEFAULT NULL,
  `total_count` int(4) DEFAULT NULL,
  `master_name` varchar(64) NOT NULL,
  `mrp` varchar(45) DEFAULT NULL,
  PRIMARY KEY (`id`)
) ENGINE=InnoDB AUTO_INCREMENT=28 DEFAULT CHARSET=big5;
/*!40101 SET character_set_client = @saved_cs_client */;

--
-- Dumping data for table `brands`
--

LOCK TABLES `brands` WRITE;
/*!40000 ALTER TABLE `brands` DISABLE KEYS */;
INSERT INTO `brands` VALUES (1,'BETOXYMOM','Syrup',200,'ml',1,'BETA','139.5'),(2,'MAGNAFORTE-XT','Syrup',200,'ml',1,'MAGNAXT','0.0'),(3,'KARKOF-LS','Syrup',0,'ml',1,'KARKOF','0.0'),(4,'GASBYE','Syrup',0,'ml',1,'GASBYE','0.0'),(5,'MSPPLUS','Syrup',60,'ml',1,'MSP','0.0'),(6,'LEFMOM -OZ','Syrup',12,'ml',1,'LEF','299.0'),(7,'MEFIMOM-P','Syrup',0,'ml',1,'MEF','0.0'),(8,'VITLOARK','Drop',15,'ml',1,'VITLO','0.0'),(9,'MOMACE-SP','Tablet',0,'mg',0,'MOMSP','0.0'),(10,'LEVOMOM','Tablet',0,'mg',0,'LEVO','0.0'),(11,'MOMNIX-TH','Tablet',0,'mg',1,'MOMTH','0.0'),(12,'IVERMOM-12','Tablet',0,'mg',1,'IVER','0.0'),(13,'JOOCEE-DZ','Tablet',0,'mg',1,'JCDZ','0.0'),(14,'CEPODANX-O','Tablet',0,'mg',1,'CEPO','0.0'),(15,'AMOXOBIC-CV','Tablet',625,'mg',10,'AMOXO','0.0'),(16,'ESOMOM-DSR','Capsul',0,'mg',10,'ESO','0.0'),(17,'OMEFORTE-D','Capsul',0,'mg',0,'OME','0.0'),(18,'CALKOFIT-C','Capsul',0,'mg',0,'CALK','0.0'),(19,'COLDNIXDS','Capsul',0,'mg',0,'CALK','0.0'),(20,'COLDNIX','Capsul',0,'mg',0,'CALK','0.0'),(21,'SEFLOMS','Capsul',0,'mg',0,'CALK','0.0'),(22,'SEFDICTH','Capsul',0,'mg',0,'CALK','0.0'),(23,'ARKLE-AX','Capsul',NULL,'mg',NULL,'ARK',NULL),(24,'PPGUT','Capsul',NULL,'mg',NULL,'PPG',NULL),(25,'PODEXIM-O','Capsul',NULL,'mg',NULL,'PODX',NULL),(26,'SEFWORM','Tablet',NULL,NULL,NULL,'SEFM',NULL),(27,'ETONIX-TH','Capsul',NULL,NULL,NULL,'ETOTH',NULL);
/*!40000 ALTER TABLE `brands` ENABLE KEYS */;
UNLOCK TABLES;

--
-- Table structure for table `customers`
--

DROP TABLE IF EXISTS `customers`;
/*!40101 SET @saved_cs_client     = @@character_set_client */;
/*!40101 SET character_set_client = utf8 */;
CREATE TABLE `customers` (
  `id` int(11) NOT NULL AUTO_INCREMENT,
  `pharmacy_name` varchar(128) DEFAULT NULL,
  `email` varchar(128) DEFAULT NULL,
  `phone` varchar(16) DEFAULT NULL,
  `address` varchar(128) DEFAULT NULL,
  `pin` int(8) DEFAULT NULL,
  `pharmacy_type` varchar(45) DEFAULT NULL,
  `medical_representative_id` int(11) DEFAULT NULL,
  `created` varchar(45) DEFAULT NULL,
  `updated` varchar(45) DEFAULT NULL,
  PRIMARY KEY (`id`),
  KEY `fk_customers_mr_idx` (`medical_representative_id`),
  CONSTRAINT `fk_customers_mr` FOREIGN KEY (`medical_representative_id`) REFERENCES `medical_representatives` (`id`) ON DELETE NO ACTION ON UPDATE NO ACTION
) ENGINE=InnoDB AUTO_INCREMENT=134 DEFAULT CHARSET=big5;
/*!40101 SET character_set_client = @saved_cs_client */;

--
-- Dumping data for table `customers`
--

LOCK TABLES `customers` WRITE;
/*!40000 ALTER TABLE `customers` DISABLE KEYS */;
INSERT INTO `customers` VALUES (1,'Vishnu Medical Store',NULL,NULL,NULL,NULL,NULL,NULL,NULL,NULL),(2,'Rozo Medical Store',NULL,NULL,NULL,NULL,NULL,NULL,NULL,NULL),(3,'Dheeraj Clinic',NULL,NULL,NULL,NULL,NULL,NULL,NULL,NULL),(4,'Dr. Dashrath Prasad',NULL,NULL,NULL,NULL,NULL,NULL,NULL,NULL),(5,'Anshu Clinic (Dr. Sunil Kumar)',NULL,NULL,NULL,NULL,NULL,NULL,NULL,NULL),(6,'Himanshu Clinic',NULL,NULL,NULL,NULL,NULL,NULL,NULL,NULL),(7,'Dr. Puran Verma',NULL,NULL,NULL,NULL,NULL,NULL,NULL,NULL),(8,'Divyansha Clinic (Dr. Rajat)',NULL,NULL,NULL,NULL,NULL,NULL,NULL,NULL),(9,'Suman Poly-Clinic',NULL,NULL,NULL,NULL,NULL,NULL,NULL,NULL),(10,'Dr. Pawan Kumar Singh',NULL,NULL,NULL,NULL,NULL,NULL,NULL,NULL),(11,'Dr. A. K. Verma',NULL,NULL,NULL,NULL,NULL,NULL,NULL,NULL),(12,'Dr. M. K. Patel',NULL,NULL,NULL,NULL,NULL,NULL,NULL,NULL),(13,'Dr. Rambriksha Ram',NULL,NULL,NULL,NULL,NULL,NULL,NULL,NULL),(14,'Dr. Kashi Prasad',NULL,NULL,NULL,NULL,NULL,NULL,NULL,NULL),(15,'S. K. Dubey',NULL,NULL,NULL,NULL,NULL,NULL,NULL,NULL),(16,'Saroja Devi',NULL,NULL,NULL,NULL,NULL,NULL,NULL,NULL),(17,'Aasha Dental Clinic (Dr. Ajit Singh)',NULL,NULL,NULL,NULL,NULL,NULL,NULL,NULL),(18,'Shree Medical Store (Dr. Munna)',NULL,NULL,NULL,NULL,NULL,NULL,NULL,NULL),(19,'R. S. D. Clinic',NULL,NULL,NULL,NULL,NULL,NULL,NULL,NULL),(20,'Dr. Neyaz Ahemad Hospital (Clinic)',NULL,NULL,NULL,NULL,NULL,NULL,NULL,NULL),(21,'Krishna Hospital (Dr. Reena)',NULL,NULL,NULL,NULL,NULL,NULL,NULL,NULL),(22,'Ashtha Clinic',NULL,NULL,NULL,NULL,NULL,NULL,NULL,NULL),(23,'Santosh Jaiswal',NULL,NULL,NULL,NULL,NULL,NULL,NULL,NULL),(24,'K. G. N. Hospital',NULL,NULL,NULL,NULL,NULL,NULL,NULL,NULL),(25,'Dr. Javed',NULL,NULL,NULL,NULL,NULL,NULL,NULL,NULL),(26,'Dr. B. P. Sharma',NULL,NULL,NULL,NULL,NULL,NULL,NULL,NULL),(27,'Krishna Hospital',NULL,NULL,NULL,NULL,NULL,NULL,NULL,NULL),(28,'Dr. Nandlal Patel',NULL,NULL,NULL,NULL,NULL,NULL,NULL,NULL),(29,'Singh Clinic',NULL,NULL,NULL,NULL,NULL,NULL,NULL,NULL),(30,'Maa Durga Clinic',NULL,NULL,NULL,NULL,NULL,NULL,NULL,NULL),(31,'Dr. Akash Kumar (Akash Clinic)',NULL,NULL,NULL,NULL,NULL,NULL,NULL,NULL),(32,'Raj Health Care Center',NULL,NULL,NULL,NULL,NULL,NULL,NULL,NULL),(33,'Ramesh Medical',NULL,NULL,NULL,NULL,NULL,NULL,NULL,NULL),(34,'Shriyam Hospital',NULL,NULL,NULL,NULL,NULL,NULL,NULL,NULL),(35,'Dr. R. N. Singh',NULL,NULL,NULL,NULL,NULL,NULL,NULL,NULL),(36,'Dr. Shivpujan Prajapati',NULL,NULL,NULL,NULL,NULL,NULL,NULL,NULL),(37,'Dr. R. D. Pal',NULL,NULL,NULL,NULL,NULL,NULL,NULL,NULL),(38,'Shakti Hospital',NULL,NULL,NULL,NULL,NULL,NULL,NULL,NULL),(39,'Dr. A. K. Verma',NULL,NULL,NULL,NULL,NULL,NULL,NULL,NULL),(40,'Maa Bhawani Clinic',NULL,NULL,NULL,NULL,NULL,NULL,NULL,NULL),(41,'Dr. Amaresh Kumar Pal',NULL,NULL,NULL,NULL,NULL,NULL,NULL,NULL),(42,'Dr. Shashikant/Puja Clinic',NULL,NULL,NULL,NULL,NULL,NULL,NULL,NULL),(43,'Dr. R. S. D. Clinic',NULL,NULL,NULL,NULL,NULL,NULL,NULL,NULL),(44,'Singh Medical',NULL,NULL,NULL,NULL,NULL,NULL,NULL,NULL),(45,'Dr. Dinesh Yadav',NULL,NULL,NULL,NULL,NULL,NULL,NULL,NULL),(46,'Dr. K. L. Sherpur',NULL,NULL,NULL,NULL,NULL,NULL,NULL,NULL),(47,'Dr. Rajendra Prasad Singh',NULL,NULL,NULL,NULL,NULL,NULL,NULL,NULL),(48,'OK Health Care Center',NULL,NULL,NULL,NULL,NULL,NULL,NULL,NULL),(49,'Jan Seva Medical Store',NULL,NULL,NULL,NULL,NULL,NULL,NULL,NULL),(50,'Dr. Dinesh',NULL,NULL,NULL,NULL,NULL,NULL,NULL,NULL),(51,'Dr. S. N. Singh/Shivam Clinic',NULL,NULL,NULL,NULL,NULL,NULL,NULL,NULL),(52,'Ayush Hospital',NULL,NULL,NULL,NULL,NULL,NULL,NULL,NULL),(53,'Ansh Clinic',NULL,NULL,NULL,NULL,NULL,NULL,NULL,NULL),(54,'R. M. Singh',NULL,NULL,NULL,NULL,NULL,NULL,NULL,NULL),(55,'Kritika Child Health Care',NULL,NULL,NULL,NULL,NULL,NULL,NULL,NULL),(56,'Dr. D. L. Patel',NULL,NULL,NULL,NULL,NULL,NULL,NULL,NULL),(57,'Dr. Pramod Kumar',NULL,NULL,NULL,NULL,NULL,NULL,NULL,NULL),(58,'Shiven Clinic',NULL,NULL,NULL,NULL,NULL,NULL,NULL,NULL),(59,'Dr. Samir',NULL,NULL,NULL,NULL,NULL,NULL,NULL,NULL),(60,'Dr. Seraj Ansari',NULL,NULL,NULL,NULL,NULL,NULL,NULL,NULL),(61,'Dr. Dinesh Kumar',NULL,NULL,NULL,NULL,NULL,NULL,NULL,NULL),(62,'A. P. N. Clinic',NULL,NULL,NULL,NULL,NULL,NULL,NULL,NULL),(63,'Dr. Ajit Singh',NULL,NULL,NULL,NULL,NULL,NULL,NULL,NULL),(64,'Shri Satya Guru Pharma',NULL,NULL,NULL,NULL,NULL,NULL,NULL,NULL),(65,'Tanu Shree Hospital (Clinic)',NULL,NULL,NULL,NULL,NULL,NULL,NULL,NULL),(66,'Suman Poly Clinic',NULL,NULL,NULL,NULL,NULL,NULL,NULL,NULL),(67,'Dr. S. K. Ansari',NULL,NULL,NULL,NULL,NULL,NULL,NULL,NULL),(68,'Dr. S. K. Dubey',NULL,NULL,NULL,NULL,NULL,NULL,NULL,NULL),(69,'Maurya Health Care',NULL,NULL,NULL,NULL,NULL,NULL,NULL,NULL),(70,'Chanda Clinic',NULL,NULL,NULL,NULL,NULL,NULL,NULL,NULL),(71,'Dr. P. N. Singh',NULL,NULL,NULL,NULL,NULL,NULL,NULL,NULL),(72,'Dr. A. K. Singh/Deepanjali Health Care',NULL,NULL,NULL,NULL,NULL,NULL,NULL,NULL),(73,'Dr. K. K. Pal',NULL,NULL,NULL,NULL,NULL,NULL,NULL,NULL),(74,'Dr. O. P. Singh',NULL,NULL,NULL,NULL,NULL,NULL,NULL,NULL),(75,'Shri Ram Chikitsalaya',NULL,NULL,NULL,NULL,NULL,NULL,NULL,NULL),(77,'Dr. Ashok Kumar/Dhiraj Clinic',NULL,NULL,NULL,NULL,NULL,NULL,NULL,NULL),(78,'Dr. Gulab Singh/Maya Prakritik Clinic',NULL,NULL,NULL,NULL,NULL,NULL,NULL,NULL),(79,'Dr. S. S. Patel',NULL,NULL,NULL,NULL,NULL,NULL,NULL,NULL),(80,'Dr. Pramod',NULL,NULL,NULL,NULL,NULL,NULL,NULL,NULL),(81,'Dr. Rahul',NULL,NULL,NULL,NULL,NULL,NULL,NULL,NULL),(82,'Dr. Jitendra Prasad',NULL,NULL,NULL,NULL,NULL,NULL,NULL,NULL),(83,'Vishnu Medical',NULL,NULL,NULL,NULL,NULL,NULL,NULL,NULL),(84,'Dr. Bablu Chourasiya',NULL,NULL,NULL,NULL,NULL,NULL,NULL,NULL),(85,'Dr. S. Kumar',NULL,NULL,NULL,NULL,NULL,NULL,NULL,NULL),(86,'Parwati Chikitsalaya',NULL,NULL,NULL,NULL,NULL,NULL,NULL,NULL),(87,'Sadguru Mata Hospital/Anjali Pharmacy',NULL,NULL,NULL,NULL,NULL,NULL,NULL,NULL),(88,'Dr. R. M. Singh',NULL,NULL,NULL,NULL,NULL,NULL,NULL,NULL),(89,'Dr. Sirajuddin',NULL,NULL,NULL,NULL,NULL,NULL,NULL,NULL),(90,'Shiv Shankar Niketan',NULL,NULL,NULL,NULL,NULL,NULL,NULL,NULL),(91,'K. G. N. Medical',NULL,NULL,NULL,NULL,NULL,NULL,NULL,NULL),(92,'Dr. Sameer',NULL,NULL,NULL,NULL,NULL,NULL,NULL,NULL),(93,'Dr. M. K. Sahani',NULL,NULL,NULL,NULL,NULL,NULL,NULL,NULL),(94,'Satguru Pharmacy',NULL,NULL,NULL,NULL,NULL,NULL,NULL,NULL),(95,'Aahsa Dental Clinic',NULL,NULL,NULL,NULL,NULL,NULL,NULL,NULL),(96,'Dr. Sandesh Kumar',NULL,NULL,NULL,NULL,NULL,NULL,NULL,NULL),(97,'Dr. Shivdhan Patel',NULL,NULL,NULL,NULL,NULL,NULL,NULL,NULL),(98,'Dr. S. L. Pal',NULL,NULL,NULL,NULL,NULL,NULL,NULL,NULL),(99,'Nidhi Netralaya',NULL,NULL,NULL,NULL,NULL,NULL,NULL,NULL),(100,'Dr. G. D. Biswas',NULL,NULL,NULL,NULL,NULL,NULL,NULL,NULL),(101,'Dr. Manoj Kumar Singh',NULL,NULL,NULL,NULL,NULL,NULL,NULL,NULL),(102,'Raj Medical',NULL,NULL,NULL,NULL,NULL,NULL,NULL,NULL),(103,'Rama Child Care (Dr. Avinash Ray)',NULL,NULL,NULL,NULL,NULL,NULL,NULL,NULL),(104,'Mata Shree Medical',NULL,NULL,NULL,NULL,NULL,NULL,NULL,NULL),(105,'Dr. S. N. Singh',NULL,NULL,NULL,NULL,NULL,NULL,NULL,NULL),(106,'Dr. Kapilmuni',NULL,NULL,NULL,NULL,NULL,NULL,NULL,NULL),(107,'Puja Clinic',NULL,NULL,NULL,NULL,NULL,NULL,NULL,NULL),(108,'Ramnagar Hospital',NULL,NULL,NULL,NULL,NULL,NULL,NULL,NULL),(109,'Gayatri Prathmik Upchar',NULL,NULL,NULL,NULL,NULL,NULL,NULL,NULL),(110,'Ayush Clinic',NULL,NULL,NULL,NULL,NULL,NULL,NULL,NULL),(111,'Vedanta Hospital',NULL,NULL,NULL,NULL,NULL,NULL,NULL,NULL),(112,'Dr. Prabhakar Sarkar',NULL,NULL,NULL,NULL,NULL,NULL,NULL,NULL),(113,'Gita Hospital',NULL,NULL,NULL,NULL,NULL,NULL,NULL,NULL),(114,'Dr. Niraj Mishra',NULL,NULL,NULL,NULL,NULL,NULL,NULL,NULL),(115,'Dr. Chandrashekhar',NULL,NULL,NULL,NULL,NULL,NULL,NULL,NULL),(116,'Shiv Nath Hospital',NULL,NULL,NULL,NULL,NULL,NULL,NULL,NULL),(117,'Satyam Clinic (Dr. Santosh Yadav)',NULL,NULL,NULL,NULL,NULL,NULL,NULL,NULL),(118,'Dr. Meena Patel',NULL,NULL,NULL,NULL,NULL,NULL,NULL,NULL),(119,'Jan Sahayata Hospital',NULL,NULL,NULL,NULL,NULL,NULL,NULL,NULL),(120,'Dr. A. C. Singh',NULL,NULL,NULL,NULL,NULL,NULL,NULL,NULL),(121,'Dr. Amaresh Kumar Patel',NULL,NULL,NULL,NULL,NULL,NULL,NULL,NULL),(122,'Dr. Manoj Kumar Tripathi',NULL,NULL,NULL,NULL,NULL,NULL,NULL,NULL),(123,'Dr. Om Prakash',NULL,NULL,NULL,NULL,NULL,NULL,NULL,NULL),(124,'Aditya Clinic',NULL,NULL,NULL,NULL,NULL,NULL,NULL,NULL),(125,'Dr. B. D. Yadav',NULL,NULL,NULL,NULL,NULL,NULL,NULL,NULL),(126,'Shree Dental Care',NULL,NULL,NULL,NULL,NULL,NULL,NULL,NULL),(127,'Dr. R. C. Singh',NULL,NULL,NULL,NULL,NULL,NULL,NULL,NULL),(128,'Shivam Medical',NULL,NULL,NULL,NULL,NULL,NULL,NULL,NULL),(129,'Dr. Ram Lakhan',NULL,NULL,NULL,NULL,NULL,NULL,NULL,NULL),(130,'Dr. R. K. Dixit',NULL,NULL,NULL,NULL,NULL,NULL,NULL,NULL),(131,'Shri Sadguru Pharma',NULL,NULL,NULL,NULL,NULL,NULL,NULL,NULL),(132,'Narayani Hospital',NULL,NULL,NULL,NULL,NULL,NULL,NULL,NULL),(133,'Charak Hospital',NULL,NULL,NULL,NULL,NULL,NULL,NULL,NULL);
/*!40000 ALTER TABLE `customers` ENABLE KEYS */;
UNLOCK TABLES;

--
-- Table structure for table `medical_representatives`
--

DROP TABLE IF EXISTS `medical_representatives`;
/*!40101 SET @saved_cs_client     = @@character_set_client */;
/*!40101 SET character_set_client = utf8 */;
CREATE TABLE `medical_representatives` (
  `id` int(11) NOT NULL AUTO_INCREMENT,
  `name` varchar(45) NOT NULL,
  `email_id` varchar(128) DEFAULT NULL,
  `phone` varchar(16) DEFAULT NULL,
  `emp_code` varchar(45) DEFAULT NULL,
  `manager_id` int(11) DEFAULT NULL,
  PRIMARY KEY (`id`),
  UNIQUE KEY `id_UNIQUE` (`id`),
  UNIQUE KEY `email_id_UNIQUE` (`email_id`),
  KEY `fk_medical_representatives_manager_idx` (`manager_id`),
  CONSTRAINT `fk_medical_representatives_manager` FOREIGN KEY (`manager_id`) REFERENCES `medical_representatives` (`id`) ON DELETE NO ACTION ON UPDATE NO ACTION
) ENGINE=InnoDB AUTO_INCREMENT=2 DEFAULT CHARSET=big5;
/*!40101 SET character_set_client = @saved_cs_client */;

--
-- Dumping data for table `medical_representatives`
--

LOCK TABLES `medical_representatives` WRITE;
/*!40000 ALTER TABLE `medical_representatives` DISABLE KEYS */;
INSERT INTO `medical_representatives` VALUES (1,'Manish Choubey',NULL,NULL,NULL,NULL);
/*!40000 ALTER TABLE `medical_representatives` ENABLE KEYS */;
UNLOCK TABLES;

--
-- Table structure for table `sales_order_details`
--

DROP TABLE IF EXISTS `sales_order_details`;
/*!40101 SET @saved_cs_client     = @@character_set_client */;
/*!40101 SET character_set_client = utf8 */;
CREATE TABLE `sales_order_details` (
  `id` int(11) NOT NULL AUTO_INCREMENT,
  `sales_order_id` int(11) NOT NULL,
  `brand_id` int(11) NOT NULL,
  `quantity` int(4) DEFAULT NULL,
  `rate` float DEFAULT NULL,
  `created` datetime DEFAULT NULL,
  PRIMARY KEY (`id`),
  UNIQUE KEY `uk_sales_order_id_and_brand_id` (`sales_order_id`,`brand_id`),
  KEY `fk_sales_order_details_sales_order_idx` (`sales_order_id`),
  KEY `fk_sales_order_details_brand_idx` (`brand_id`),
  CONSTRAINT `fk_sales_order_details_brand` FOREIGN KEY (`brand_id`) REFERENCES `brands` (`id`) ON DELETE NO ACTION ON UPDATE NO ACTION,
  CONSTRAINT `fk_sales_order_details_sales_order` FOREIGN KEY (`sales_order_id`) REFERENCES `sales_orders` (`id`) ON DELETE NO ACTION ON UPDATE NO ACTION
) ENGINE=InnoDB AUTO_INCREMENT=558 DEFAULT CHARSET=big5;
/*!40101 SET character_set_client = @saved_cs_client */;

--
-- Dumping data for table `sales_order_details`
--

LOCK TABLES `sales_order_details` WRITE;
/*!40000 ALTER TABLE `sales_order_details` DISABLE KEYS */;
INSERT INTO `sales_order_details` VALUES (1,1,9,20,65.81,'2021-03-02 00:00:00'),(2,1,17,10,45.56,'2021-03-02 00:00:00'),(3,1,2,10,120,'2021-03-02 00:00:00'),(4,1,8,10,41.25,'2021-03-02 00:00:00'),(5,2,3,5,65.25,'2021-03-02 00:00:00'),(6,3,17,10,31,'2021-03-04 00:00:00'),(8,3,2,5,80,'2021-03-04 00:00:00'),(10,4,1,5,75,'2021-03-04 00:00:00'),(11,4,3,5,44,'2021-03-04 00:00:00'),(12,4,19,10,33,'2021-03-04 00:00:00'),(13,4,20,5,22,'2021-03-04 00:00:00'),(14,4,21,5,38,'2021-03-04 00:00:00'),(15,4,22,2,95,'2021-03-04 00:00:00'),(16,5,21,6,38,'2021-03-05 00:00:00'),(17,6,1,5,75,'2021-03-05 00:00:00'),(18,6,21,5,38,'2021-03-05 00:00:00'),(19,7,1,5,75,'2021-03-05 00:00:00'),(20,7,20,5,22,'2021-03-05 00:00:00'),(21,7,8,5,28,'2021-03-05 00:00:00'),(22,7,2,5,80,'2021-03-05 00:00:00'),(23,8,25,10,110,'2021-03-07 00:00:00'),(24,9,10,10,70,'2021-03-07 00:00:00'),(25,9,8,5,28,'2021-03-07 00:00:00'),(26,9,20,5,22,'2021-03-07 00:00:00'),(27,10,1,15,75,'2021-03-07 00:00:00'),(28,11,25,20,118,'2021-03-07 00:00:00'),(29,12,1,5,75,'2021-03-07 00:00:00'),(30,12,8,4,28,'2021-03-07 00:00:00'),(31,12,21,2,38,'2021-03-07 00:00:00'),(32,13,20,5,22,'2021-03-08 00:00:00'),(33,13,19,5,33,'2021-03-08 00:00:00'),(35,14,20,10,22,'2021-03-08 00:00:00'),(36,14,19,10,33,'2021-03-08 00:00:00'),(37,15,1,1,75,'2021-03-09 00:00:00'),(38,15,2,1,120,'2021-03-09 00:00:00'),(39,16,1,1,75,'2021-03-09 00:00:00'),(40,16,2,1,120,'2021-03-09 00:00:00'),(41,17,15,10,85,'2021-03-09 00:00:00'),(42,18,1,10,113,'2021-03-09 00:00:00'),(43,19,1,10,75,'2021-03-09 00:00:00'),(44,19,20,5,22,'2021-03-09 00:00:00'),(45,20,1,5,75,'2021-03-12 00:00:00'),(46,20,17,10,31,'2021-03-12 00:00:00'),(47,21,1,5,90,'2021-03-12 00:00:00'),(48,21,2,5,96,'2021-03-12 00:00:00'),(49,22,1,1,115,'2021-03-12 00:00:00'),(50,23,1,1,115,'2021-03-12 00:00:00'),(51,24,1,1,115,'2021-03-12 00:00:00'),(52,24,2,1,100,'2021-03-12 00:00:00'),(53,25,1,5,75,'2021-03-13 00:00:00'),(54,25,4,10,38,'2021-03-13 00:00:00'),(55,26,1,1,115,'2021-03-13 00:00:00'),(56,27,4,26,38,'2021-03-13 00:00:00'),(57,27,2,10,80,'2021-03-13 00:00:00'),(59,27,25,10,118,'2021-03-13 00:00:00'),(60,28,9,10,70.4,'2021-03-14 00:00:00'),(61,29,4,5,38,'2021-03-14 00:00:00'),(62,29,20,10,22,'2021-03-14 00:00:00'),(64,30,25,10,118,'2021-03-15 00:00:00'),(65,30,10,10,88,'2021-03-15 00:00:00'),(66,31,15,10,100,'2021-03-15 00:00:00'),(67,32,15,10,100,'2021-03-15 00:00:00'),(68,33,20,5,22,'2021-03-16 00:00:00'),(69,33,19,5,33,'2021-03-16 00:00:00'),(70,34,20,5,22,'2021-03-16 00:00:00'),(71,34,19,5,33,'2021-03-16 00:00:00'),(72,34,15,10,100,'2021-03-16 00:00:00'),(73,35,1,10,75,'2021-03-17 00:00:00'),(74,36,1,5,70,'2021-03-17 00:00:00'),(75,37,1,6,75,'2021-03-17 00:00:00'),(76,37,8,6,28,'2021-03-17 00:00:00'),(77,37,2,1,80,'2021-03-17 00:00:00'),(78,38,1,5,70,'2021-03-21 00:00:00'),(79,39,1,5,75,'2021-03-21 00:00:00'),(80,39,3,5,44,'2021-03-21 00:00:00'),(81,40,25,20,118,'2021-03-22 00:00:00'),(82,41,15,10,100,'2021-03-22 00:00:00'),(83,41,17,10,31,'2021-03-22 00:00:00'),(84,42,1,5,75,'2021-03-23 00:00:00'),(85,42,2,5,80,'2021-03-23 00:00:00'),(86,43,19,7,33,'2021-03-23 00:00:00'),(87,44,1,5,75,'2021-03-23 00:00:00'),(88,44,2,5,80,'2021-03-23 00:00:00'),(89,44,8,5,28,'2021-03-23 00:00:00'),(90,45,1,5,75,'2021-03-25 00:00:00'),(91,46,9,10,44,'2021-03-26 00:00:00'),(92,46,17,10,31,'2021-03-26 00:00:00'),(93,46,15,10,100,'2021-03-26 00:00:00'),(94,47,9,20,44,'2021-03-27 00:00:00'),(95,47,17,20,31,'2021-03-27 00:00:00'),(96,47,22,6,95,'2021-03-27 00:00:00'),(97,48,1,5,75,'2021-01-02 00:00:00'),(98,48,3,5,44,'2021-01-02 00:00:00'),(99,49,21,5,38,'2021-01-03 00:00:00'),(100,49,19,5,33,'2021-01-03 00:00:00'),(101,50,3,10,44,'2021-01-03 00:00:00'),(102,50,21,5,38,'2021-01-03 00:00:00'),(103,50,1,5,75,'2021-01-03 00:00:00'),(104,50,23,10,70,'2021-01-03 00:00:00'),(105,50,10,10,88,'2021-01-03 00:00:00'),(106,50,17,10,31,'2021-01-03 00:00:00'),(107,51,9,10,70,'2021-01-03 00:00:00'),(108,51,17,10,31,'2021-01-03 00:00:00'),(109,52,9,10,70,'2021-01-03 00:00:00'),(110,52,3,5,44,'2021-01-03 00:00:00'),(111,52,21,5,38,'2021-01-03 00:00:00'),(112,52,1,5,75,'2021-01-03 00:00:00'),(113,52,23,10,80,'2021-01-03 00:00:00'),(114,52,24,10,88,'2021-01-03 00:00:00'),(115,52,15,10,88,'2021-01-03 00:00:00'),(116,52,17,10,31,'2021-01-03 00:00:00'),(117,52,20,5,22,'2021-01-03 00:00:00'),(118,52,19,5,33,'2021-01-03 00:00:00'),(119,53,21,6,38,'2021-01-04 00:00:00'),(120,54,3,3,44,'2021-01-04 00:00:00'),(121,54,21,3,38,'2021-01-04 00:00:00'),(122,54,1,5,75,'2021-01-04 00:00:00'),(123,55,9,10,70,'2021-01-04 00:00:00'),(124,55,3,3,44,'2021-01-04 00:00:00'),(125,55,17,10,31,'2021-01-04 00:00:00'),(126,56,3,5,44,'2021-01-04 00:00:00'),(127,56,21,3,38,'2021-01-04 00:00:00'),(128,56,1,3,75,'2021-01-04 00:00:00'),(129,56,23,10,80,'2021-01-04 00:00:00'),(130,57,17,20,31,'2021-01-05 00:00:00'),(131,58,11,10,100,'2021-01-06 00:00:00'),(132,59,3,10,44,'2021-01-06 00:00:00'),(133,59,10,10,88,'2021-01-06 00:00:00'),(134,59,15,10,100,'2021-01-06 00:00:00'),(135,60,21,3,38,'2021-01-06 00:00:00'),(136,61,1,5,75,'2021-01-06 00:00:00'),(137,61,26,20,50,'2021-01-06 00:00:00'),(138,62,22,5,95,'2021-01-06 00:00:00'),(139,62,3,5,44,'2021-01-06 00:00:00'),(140,62,10,10,88,'2021-01-06 00:00:00'),(141,62,1,6,75,'2021-01-06 00:00:00'),(142,62,23,10,80,'2021-01-06 00:00:00'),(143,62,24,10,88,'2021-01-06 00:00:00'),(144,62,15,10,88,'2021-01-06 00:00:00'),(145,62,17,10,31,'2021-01-06 00:00:00'),(146,62,20,5,22,'2021-01-06 00:00:00'),(147,62,19,5,33,'2021-01-06 00:00:00'),(148,62,27,10,70,'2021-01-06 00:00:00'),(149,63,22,5,95,'2021-01-09 00:00:00'),(150,63,3,5,44,'2021-01-09 00:00:00'),(151,63,9,10,70,'2021-01-09 00:00:00'),(152,63,26,10,50,'2021-01-09 00:00:00'),(153,63,23,10,80,'2021-01-09 00:00:00'),(154,63,24,10,88,'2021-01-09 00:00:00'),(155,63,15,10,88,'2021-01-09 00:00:00'),(156,63,17,10,31,'2021-01-09 00:00:00'),(157,63,20,5,22,'2021-01-09 00:00:00'),(158,63,19,5,33,'2021-01-09 00:00:00'),(159,63,27,10,70,'2021-01-09 00:00:00'),(160,64,1,10,75,'2021-01-09 00:00:00'),(161,65,1,5,75,'2021-01-09 00:00:00'),(162,65,3,10,44,'2021-01-09 00:00:00'),(163,66,21,5,38,'2021-01-11 00:00:00'),(164,66,15,10,100,'2021-01-11 00:00:00'),(165,67,9,10,70,'2021-01-13 00:00:00'),(166,67,3,5,44,'2021-01-13 00:00:00'),(167,68,3,5,44,'2021-01-15 00:00:00'),(168,68,1,5,75,'2021-01-15 00:00:00'),(169,68,23,10,58,'2021-01-15 00:00:00'),(170,68,11,10,100,'2021-01-15 00:00:00'),(171,69,1,5,75,'2021-01-15 00:00:00'),(172,69,11,10,100,'2021-01-15 00:00:00'),(174,70,22,3,95,'2021-01-15 00:00:00'),(175,70,3,3,44,'2021-01-15 00:00:00'),(176,70,1,5,75,'2021-01-15 00:00:00'),(177,70,23,10,58,'2021-01-15 00:00:00'),(178,70,15,10,73,'2021-01-15 00:00:00'),(179,70,20,3,22,'2021-01-15 00:00:00'),(180,70,19,3,33,'2021-01-15 00:00:00'),(181,70,11,10,100,'2021-01-15 00:00:00'),(182,71,3,5,44,'2021-01-15 00:00:00'),(183,71,24,10,88,'2021-01-15 00:00:00'),(184,71,20,3,22,'2021-01-15 00:00:00'),(185,71,19,3,33,'2021-01-15 00:00:00'),(186,72,3,5,44,'2021-01-15 00:00:00'),(187,72,24,10,88,'2021-01-15 00:00:00'),(188,73,1,5,100,'2021-01-15 00:00:00'),(189,74,3,5,44,'2021-01-16 00:00:00'),(190,74,10,10,88,'2021-01-16 00:00:00'),(191,74,1,3,75,'2021-01-16 00:00:00'),(192,74,9,10,70,'2021-01-16 00:00:00'),(193,74,15,10,88,'2021-01-16 00:00:00'),(194,74,17,10,31,'2021-01-16 00:00:00'),(195,75,24,10,88,'2021-01-16 00:00:00'),(196,75,17,10,31,'2021-01-16 00:00:00'),(197,75,9,10,44,'2021-01-16 00:00:00'),(198,75,11,10,100,'2021-01-16 00:00:00'),(199,76,9,10,44,'2021-01-16 00:00:00'),(200,76,15,10,88,'2021-01-16 00:00:00'),(201,76,17,10,31,'2021-01-16 00:00:00'),(202,77,1,5,70,'2021-01-17 00:00:00'),(203,78,1,4,70,'2021-01-17 00:00:00'),(204,79,9,20,44,'2021-01-19 00:00:00'),(205,79,23,10,58,'2021-01-19 00:00:00'),(206,80,9,10,44,'2021-01-19 00:00:00'),(207,80,17,10,31,'2021-01-19 00:00:00'),(208,81,1,5,70,'2021-01-19 00:00:00'),(209,82,9,10,44,'2021-01-19 00:00:00'),(210,82,3,5,44,'2021-01-19 00:00:00'),(211,82,20,3,22,'2021-01-19 00:00:00'),(212,82,19,3,33,'2021-01-19 00:00:00'),(213,82,11,10,58,'2021-01-19 00:00:00'),(214,83,3,5,44,'2021-01-19 00:00:00'),(215,83,19,4,33,'2021-01-19 00:00:00'),(216,84,9,10,44,'2021-01-19 00:00:00'),(217,84,3,5,44,'2021-01-19 00:00:00'),(218,84,1,5,75,'2021-01-19 00:00:00'),(219,84,15,10,73,'2021-01-19 00:00:00'),(220,84,17,10,31,'2021-01-19 00:00:00'),(221,85,3,3,44,'2021-01-19 00:00:00'),(222,85,1,5,75,'2021-01-19 00:00:00'),(223,85,15,10,73,'2021-01-19 00:00:00'),(224,85,23,10,58,'2021-01-19 00:00:00'),(225,86,9,1,44,'2021-01-21 00:00:00'),(226,86,17,1,31,'2021-01-21 00:00:00'),(227,87,9,1,44,'2021-01-21 00:00:00'),(228,87,17,1,31,'2021-01-21 00:00:00'),(229,88,9,10,44,'2021-01-20 00:00:00'),(230,88,3,5,44,'2021-01-20 00:00:00'),(231,88,1,5,75,'2021-01-20 00:00:00'),(232,88,23,10,58,'2021-01-20 00:00:00'),(233,88,17,10,31,'2021-01-20 00:00:00'),(234,88,19,5,33,'2021-01-20 00:00:00'),(235,88,11,10,100,'2021-01-20 00:00:00'),(236,89,22,3,95,'2021-01-20 00:00:00'),(237,89,3,5,44,'2021-01-20 00:00:00'),(238,89,9,10,44,'2021-01-20 00:00:00'),(239,89,1,5,75,'2021-01-20 00:00:00'),(240,89,23,10,58,'2021-01-20 00:00:00'),(241,89,15,10,73,'2021-01-20 00:00:00'),(242,89,17,10,31,'2021-01-20 00:00:00'),(243,89,19,5,33,'2021-01-20 00:00:00'),(244,89,11,10,100,'2021-01-20 00:00:00'),(245,90,11,10,100,'2021-01-20 00:00:00'),(246,91,1,5,75,'2021-01-20 00:00:00'),(247,91,19,5,33,'2021-01-20 00:00:00'),(248,92,3,5,44,'2021-01-21 00:00:00'),(249,92,19,5,33,'2021-01-21 00:00:00'),(250,93,1,5,75,'2021-01-21 00:00:00'),(251,94,9,20,44,'2021-01-21 00:00:00'),(252,94,21,4,38,'2021-01-21 00:00:00'),(253,95,9,10,44,'2021-01-21 00:00:00'),(254,95,1,3,75,'2021-01-21 00:00:00'),(255,96,3,5,44,'2021-01-21 00:00:00'),(256,96,19,5,33,'2021-01-21 00:00:00'),(257,97,17,1,31,'2021-01-22 00:00:00'),(258,98,17,1,31,'2021-01-22 00:00:00'),(259,98,9,1,70,'2021-01-22 00:00:00'),(260,99,17,1,31,'2021-01-22 00:00:00'),(261,99,9,1,44,'2021-01-22 00:00:00'),(262,100,23,10,58,'2021-01-22 00:00:00'),(263,101,23,10,58,'2021-01-23 00:00:00'),(264,101,20,5,22,'2021-01-23 00:00:00'),(265,101,27,10,99,'2021-01-23 00:00:00'),(266,102,15,10,73,'2021-01-23 00:00:00'),(267,102,17,20,31,'2021-01-23 00:00:00'),(268,103,9,10,44,'2021-01-23 00:00:00'),(269,103,21,1,38,'2021-01-23 00:00:00'),(270,103,23,10,58,'2021-01-23 00:00:00'),(271,103,15,10,73,'2021-01-23 00:00:00'),(272,103,17,10,31,'2021-01-23 00:00:00'),(275,104,19,1,33,'2021-01-23 00:00:00'),(276,105,1,10,75,'2021-01-24 00:00:00'),(277,105,3,5,44,'2021-01-24 00:00:00'),(278,105,10,10,88,'2021-01-24 00:00:00'),(279,105,12,10,105,'2021-01-24 00:00:00'),(280,105,23,10,58,'2021-01-24 00:00:00'),(281,105,24,10,48,'2021-01-24 00:00:00'),(282,105,15,10,73,'2021-01-24 00:00:00'),(283,105,17,10,31,'2021-01-24 00:00:00'),(284,105,9,10,44,'2021-01-24 00:00:00'),(285,105,19,5,33,'2021-01-24 00:00:00'),(286,105,11,10,100,'2021-01-24 00:00:00'),(287,106,1,8,75,'2021-01-25 00:00:00'),(288,107,21,10,38,'2021-01-25 00:00:00'),(289,108,1,10,75,'2021-01-25 00:00:00'),(290,108,11,10,100,'2021-01-25 00:00:00'),(291,109,21,10,38,'2021-01-29 00:00:00'),(292,110,4,5,38,'2021-01-29 00:00:00'),(293,110,21,5,38,'2021-01-29 00:00:00'),(294,110,8,5,28,'2021-01-29 00:00:00'),(295,111,1,1,75,'2021-01-29 00:00:00'),(296,111,3,10,44,'2021-01-29 00:00:00'),(297,111,10,10,88,'2021-01-29 00:00:00'),(298,111,12,10,105,'2021-01-29 00:00:00'),(299,111,23,10,58,'2021-01-29 00:00:00'),(300,111,4,1,38,'2021-01-29 00:00:00'),(301,111,21,1,38,'2021-01-29 00:00:00'),(302,111,8,1,28,'2021-01-29 00:00:00'),(303,111,11,10,100,'2021-01-29 00:00:00'),(304,112,21,5,38,'2021-01-29 00:00:00'),(305,113,9,1,44,'2021-01-30 00:00:00'),(306,114,9,20,44,'2021-01-30 00:00:00'),(307,114,21,10,38,'2021-01-30 00:00:00'),(308,115,1,5,75,'2021-01-30 00:00:00'),(309,115,4,5,38,'2021-01-30 00:00:00'),(310,116,9,10,44,'2021-01-31 00:00:00'),(311,117,8,5,28,'2021-01-31 00:00:00'),(312,117,21,5,38,'2021-01-31 00:00:00'),(313,118,1,5,75,'2021-01-31 00:00:00'),(314,118,3,5,44,'2021-01-31 00:00:00'),(315,118,23,10,58,'2021-01-31 00:00:00'),(316,118,4,5,38,'2021-01-31 00:00:00'),(317,118,21,5,38,'2021-01-31 00:00:00'),(318,119,1,5,75,'2021-01-31 00:00:00'),(319,119,3,5,44,'2021-01-31 00:00:00'),(320,119,4,5,38,'2021-01-31 00:00:00'),(321,119,21,5,38,'2021-01-31 00:00:00'),(322,119,22,2,95,'2021-01-31 00:00:00'),(323,119,11,10,100,'2021-01-31 00:00:00'),(324,120,9,20,49.1,'2021-02-01 00:00:00'),(325,121,4,1,38,'2021-02-01 00:00:00'),(326,122,19,10,33,'2021-02-01 00:00:00'),(327,122,21,5,38,'2021-02-01 00:00:00'),(328,122,4,5,38,'2021-02-01 00:00:00'),(329,122,8,5,28,'2021-02-01 00:00:00'),(330,123,17,5,31,'2021-02-01 00:00:00'),(331,123,9,5,44,'2021-02-01 00:00:00'),(332,124,3,5,44,'2021-02-02 00:00:00'),(333,124,4,5,38,'2021-02-02 00:00:00'),(334,124,8,5,28,'2021-02-02 00:00:00'),(335,125,1,5,75,'2021-02-03 00:00:00'),(336,125,4,5,38,'2021-02-03 00:00:00'),(337,125,8,5,28,'2021-02-03 00:00:00'),(338,125,19,5,33,'2021-02-03 00:00:00'),(339,125,21,5,38,'2021-02-03 00:00:00'),(340,126,8,1,28,'2021-02-04 00:00:00'),(341,126,19,20,32.5,'2021-02-04 00:00:00'),(342,126,21,19,37.5,'2021-02-04 00:00:00'),(343,127,3,10,44,'2021-02-04 00:00:00'),(344,128,1,5,75,'2021-02-04 00:00:00'),(345,128,3,5,44,'2021-02-04 00:00:00'),(346,128,4,5,38,'2021-02-04 00:00:00'),(347,128,21,5,38,'2021-02-04 00:00:00'),(348,128,19,5,33,'2021-02-04 00:00:00'),(349,128,8,5,28,'2021-02-04 00:00:00'),(350,128,22,5,95,'2021-02-04 00:00:00'),(351,128,10,10,88,'2021-02-04 00:00:00'),(352,128,15,10,100,'2021-02-04 00:00:00'),(353,128,11,10,100,'2021-02-04 00:00:00'),(354,129,17,10,31,'2021-02-04 00:00:00'),(355,129,9,10,44,'2021-02-04 00:00:00'),(356,129,4,5,38,'2021-02-04 00:00:00'),(357,130,1,5,113,'2021-02-05 00:00:00'),(358,131,24,10,48,'2021-02-06 00:00:00'),(359,132,1,5,75,'2021-02-06 00:00:00'),(360,132,27,10,98,'2021-02-06 00:00:00'),(361,133,1,5,75,'2021-02-07 00:00:00'),(362,133,21,5,38,'2021-02-07 00:00:00'),(363,133,8,5,28,'2021-02-07 00:00:00'),(364,134,21,10,38,'2021-02-07 00:00:00'),(365,135,1,5,75,'2021-02-07 00:00:00'),(366,135,3,5,44,'2021-02-07 00:00:00'),(367,135,4,5,38,'2021-02-07 00:00:00'),(368,135,21,5,38,'2021-02-07 00:00:00'),(369,135,19,5,33,'2021-02-07 00:00:00'),(370,135,8,5,28,'2021-02-07 00:00:00'),(371,135,15,10,100,'2021-02-07 00:00:00'),(372,135,11,10,100,'2021-02-07 00:00:00'),(373,136,21,10,56.25,'2021-02-08 00:00:00'),(374,137,21,10,38,'2021-02-08 00:00:00'),(375,137,8,10,28,'2021-02-08 00:00:00'),(376,138,4,10,38,'2021-02-09 00:00:00'),(377,139,19,5,33,'2021-02-09 00:00:00'),(378,140,1,10,75,'2021-02-09 00:00:00'),(379,141,24,10,48,'2021-02-09 00:00:00'),(380,142,15,10,100,'2021-02-10 00:00:00'),(381,142,2,5,80,'2021-02-10 00:00:00'),(382,142,9,10,44,'2021-02-10 00:00:00'),(383,142,17,10,31,'2021-02-10 00:00:00'),(384,143,8,10,28,'2021-02-10 00:00:00'),(385,143,15,10,100,'2021-02-10 00:00:00'),(386,144,1,5,75,'2021-02-10 00:00:00'),(387,144,3,5,44,'2021-02-10 00:00:00'),(388,144,21,5,38,'2021-02-10 00:00:00'),(389,145,3,15,44,'2021-02-10 00:00:00'),(390,145,21,15,38,'2021-02-10 00:00:00'),(391,145,19,10,33,'2021-02-10 00:00:00'),(392,145,8,9,28,'2021-02-10 00:00:00'),(393,146,20,50,22,'2021-02-11 00:00:00'),(394,147,3,1,44,'2021-02-11 00:00:00'),(395,147,21,5,38,'2021-02-11 00:00:00'),(396,147,22,5,95,'2021-02-11 00:00:00'),(397,147,24,10,48,'2021-02-11 00:00:00'),(398,147,11,10,100,'2021-02-11 00:00:00'),(399,148,15,10,100,'2021-02-11 00:00:00'),(400,148,3,2,44,'2021-02-11 00:00:00'),(401,148,21,5,38,'2021-02-11 00:00:00'),(402,148,20,5,22,'2021-02-11 00:00:00'),(403,149,1,5,75,'2021-02-11 00:00:00'),(404,149,3,5,44,'2021-02-11 00:00:00'),(405,149,4,5,38,'2021-02-11 00:00:00'),(406,149,21,5,38,'2021-02-11 00:00:00'),(407,149,20,5,22,'2021-02-11 00:00:00'),(408,149,8,5,28,'2021-02-11 00:00:00'),(409,150,1,10,75,'2021-02-12 00:00:00'),(410,150,3,5,44,'2021-02-12 00:00:00'),(411,150,4,5,38,'2021-02-12 00:00:00'),(412,150,21,5,38,'2021-02-12 00:00:00'),(413,150,19,5,33,'2021-02-12 00:00:00'),(414,151,9,20,65.81,'2021-02-12 00:00:00'),(415,152,20,5,22,'2021-02-12 00:00:00'),(416,152,8,5,28,'2021-02-12 00:00:00'),(417,153,22,10,95,'2021-02-12 00:00:00'),(418,153,23,20,58,'2021-02-12 00:00:00'),(419,154,8,5,28,'2021-02-12 00:00:00'),(420,155,25,10,118,'2021-02-13 00:00:00'),(421,156,1,5,75,'2021-02-13 00:00:00'),(422,157,21,5,38,'2021-02-13 00:00:00'),(423,158,12,10,84,'2021-02-13 00:00:00'),(424,159,21,3,38,'2021-02-15 00:00:00'),(425,159,19,3,33,'2021-02-15 00:00:00'),(426,159,8,3,28,'2021-02-15 00:00:00'),(427,159,20,3,22,'2021-02-15 00:00:00'),(428,160,1,15,60,'2021-02-15 00:00:00'),(429,161,4,5,38,'2021-02-15 00:00:00'),(430,161,21,10,38,'2021-02-15 00:00:00'),(431,161,19,3,33,'2021-02-15 00:00:00'),(432,161,23,10,58,'2021-02-15 00:00:00'),(433,161,20,3,22,'2021-02-15 00:00:00'),(434,161,11,10,100,'2021-02-15 00:00:00'),(435,162,17,10,31,'2021-02-16 00:00:00'),(436,162,15,10,100,'2021-02-16 00:00:00'),(437,162,11,10,100,'2021-02-16 00:00:00'),(438,163,2,19,64,'2021-02-17 00:00:00'),(439,163,15,20,80,'2021-02-17 00:00:00'),(440,164,9,10,44,'2021-02-17 00:00:00'),(441,164,10,10,70,'2021-02-17 00:00:00'),(442,165,10,10,70,'2021-02-18 00:00:00'),(443,166,23,10,58,'2021-02-19 00:00:00'),(444,166,25,10,110,'2021-02-19 00:00:00'),(445,167,21,5,38,'2021-02-20 00:00:00'),(446,168,4,5,38,'2021-02-20 00:00:00'),(447,168,8,5,28,'2021-02-20 00:00:00'),(448,168,10,10,88,'2021-02-20 00:00:00'),(449,168,2,10,80,'2021-02-20 00:00:00'),(450,168,25,10,118,'2021-02-20 00:00:00'),(451,169,8,5,28,'2021-02-20 00:00:00'),(452,169,24,10,48,'2021-02-20 00:00:00'),(453,170,2,2,80,'2021-02-20 00:00:00'),(454,170,21,5,38,'2021-02-20 00:00:00'),(455,171,3,3,44,'2021-02-21 00:00:00'),(456,171,4,5,38,'2021-02-21 00:00:00'),(457,171,21,3,38,'2021-02-21 00:00:00'),(458,171,20,3,22,'2021-02-21 00:00:00'),(459,172,8,10,28,'2021-02-21 00:00:00'),(460,173,21,5,60,'2021-02-21 00:00:00'),(461,173,20,5,35,'2021-02-21 00:00:00'),(462,174,1,5,75,'2021-02-22 00:00:00'),(463,174,21,5,38,'2021-02-22 00:00:00'),(464,174,8,5,28,'2021-02-22 00:00:00'),(465,174,10,10,70,'2021-02-22 00:00:00'),(466,174,2,1,80,'2021-02-22 00:00:00'),(467,175,15,10,85,'2021-02-22 00:00:00'),(468,176,1,5,75,'2021-02-22 00:00:00'),(469,176,2,5,80,'2021-02-22 00:00:00'),(471,177,20,10,22,'2021-02-22 00:00:00'),(472,178,1,10,60,'2021-02-23 00:00:00'),(473,179,9,10,44,'2021-02-23 00:00:00'),(474,180,24,10,48,'2021-02-26 00:00:00'),(475,181,3,100,31,'2021-02-26 00:00:00'),(476,182,9,10,44,'2021-02-27 00:00:00'),(477,182,17,10,31,'2021-02-27 00:00:00'),(478,183,10,10,70,'2021-02-04 00:00:00'),(479,183,15,10,100,'2021-02-04 00:00:00'),(480,183,9,10,44,'2021-02-04 00:00:00'),(481,184,21,20,38,'2021-02-28 00:00:00'),(482,185,15,10,100,'2021-02-28 00:00:00'),(483,186,1,3,75,'2021-02-28 00:00:00'),(484,186,3,5,44,'2021-02-28 00:00:00'),(485,186,21,5,38,'2021-02-28 00:00:00'),(486,186,20,5,22,'2021-02-28 00:00:00'),(487,187,1,12,75,'2021-02-28 00:00:00'),(489,188,1,5,75,'2021-02-28 00:00:00'),(490,188,2,5,80,'2021-02-28 00:00:00'),(491,188,12,10,84,'2021-02-28 00:00:00'),(492,188,10,10,70,'2021-02-28 00:00:00'),(493,189,1,1,75,'2021-04-01 00:00:00'),(494,190,1,5,75,'2021-04-01 00:00:00'),(495,191,19,5,33,'2021-04-01 00:00:00'),(496,191,2,10,77.5,'2021-04-01 00:00:00'),(497,191,1,5,75,'2021-04-01 00:00:00'),(498,191,17,10,31,'2021-04-01 00:00:00'),(499,192,17,1,31,'2021-04-01 00:00:00'),(500,192,9,1,44,'2021-04-01 00:00:00'),(501,193,1,5,75,'2021-04-01 00:00:00'),(502,193,4,5,38,'2021-04-01 00:00:00'),(503,193,8,10,28,'2021-04-01 00:00:00'),(504,194,2,10,77.5,'2021-04-02 00:00:00'),(505,195,25,10,110,'2021-04-02 00:00:00'),(506,196,9,10,44,'2021-04-01 00:00:00'),(507,197,4,5,38,'2021-04-02 00:00:00'),(508,198,22,5,90,'2021-04-03 00:00:00'),(509,198,11,10,100,'2021-04-03 00:00:00'),(510,199,11,10,100,'2021-04-03 00:00:00'),(511,200,22,3,114,'2021-04-03 00:00:00'),(512,200,11,10,120,'2021-04-03 00:00:00'),(513,201,1,5,75,'2021-04-04 00:00:00'),(514,201,3,5,44,'2021-04-04 00:00:00'),(515,201,19,5,33,'2021-04-04 00:00:00'),(516,201,21,10,38,'2021-04-04 00:00:00'),(517,201,8,5,28,'2021-04-04 00:00:00'),(519,202,9,10,70.4,'2021-04-05 00:00:00'),(521,203,21,10,38,'2021-02-07 00:00:00'),(522,203,23,20,58,'2021-04-05 00:00:00'),(523,204,2,10,77.5,'2021-04-05 00:00:00'),(524,204,1,5,75,'2021-04-05 00:00:00'),(525,204,3,5,44,'2021-04-05 00:00:00'),(526,204,8,5,28,'2021-04-05 00:00:00'),(527,205,2,3,75,'2021-04-05 00:00:00'),(528,205,8,3,28,'2021-04-05 00:00:00'),(529,206,19,10,22,'2021-04-05 00:00:00'),(530,206,21,10,38,'2021-04-05 00:00:00'),(531,207,22,10,95,'2021-04-05 00:00:00'),(532,207,1,10,75,'2021-04-05 00:00:00'),(533,207,2,5,75,'2021-04-05 00:00:00'),(534,207,4,5,38,'2021-04-05 00:00:00'),(535,207,21,5,38,'2021-04-05 00:00:00'),(536,207,11,10,100,'2021-04-05 00:00:00'),(537,208,2,17,78,'2021-04-05 00:00:00'),(538,209,1,5,75,'2021-04-05 00:00:00'),(539,210,11,10,100,'2021-04-05 00:00:00'),(540,210,8,5,28,'2021-04-05 00:00:00'),(541,210,17,20,31,'2021-04-05 00:00:00'),(542,211,1,20,60,'2021-04-06 00:00:00'),(543,212,1,20,75,'2021-04-06 00:00:00'),(544,212,11,20,100,'2021-04-06 00:00:00'),(545,213,2,11,75,'2021-04-06 00:00:00'),(546,213,12,10,105,'2021-04-06 00:00:00'),(547,214,9,10,44,'2021-04-06 00:00:00'),(548,215,17,10,31,'2021-04-06 00:00:00'),(549,216,2,1,100,'2021-04-06 00:00:00'),(550,217,3,5,40,'2021-02-06 00:00:00'),(551,217,21,10,34,'2021-02-06 00:00:00'),(552,218,3,5,44,'2021-02-06 00:00:00'),(553,218,19,5,33,'2021-02-06 00:00:00'),(554,218,21,5,38,'2021-02-06 00:00:00'),(555,218,15,10,100,'2021-02-06 00:00:00'),(556,218,9,10,44,'2021-02-06 00:00:00'),(557,218,24,10,48,'2021-02-06 00:00:00');
/*!40000 ALTER TABLE `sales_order_details` ENABLE KEYS */;
UNLOCK TABLES;

--
-- Table structure for table `sales_orders`
--

DROP TABLE IF EXISTS `sales_orders`;
/*!40101 SET @saved_cs_client     = @@character_set_client */;
/*!40101 SET character_set_client = utf8 */;
CREATE TABLE `sales_orders` (
  `id` int(11) NOT NULL AUTO_INCREMENT,
  `customer_id` int(11) NOT NULL,
  `medical_representative_id` int(11) NOT NULL,
  `total_amount` float DEFAULT NULL,
  `created` datetime DEFAULT NULL,
  `discount` float DEFAULT NULL,
  `payable_amount` float DEFAULT NULL,
  `order_type` enum('1','2') NOT NULL DEFAULT '1' COMMENT '''1'' - payee\n''2'' - sample',
  PRIMARY KEY (`id`),
  KEY `fk_sales_orders_customer_idx` (`customer_id`),
  KEY `fk_sales_orders_mr_idx` (`medical_representative_id`),
  CONSTRAINT `fk_sales_orders_customer` FOREIGN KEY (`customer_id`) REFERENCES `customers` (`id`) ON DELETE NO ACTION ON UPDATE NO ACTION,
  CONSTRAINT `fk_sales_orders_mr` FOREIGN KEY (`medical_representative_id`) REFERENCES `medical_representatives` (`id`) ON DELETE NO ACTION ON UPDATE NO ACTION
) ENGINE=InnoDB AUTO_INCREMENT=219 DEFAULT CHARSET=big5;
/*!40101 SET character_set_client = @saved_cs_client */;

--
-- Dumping data for table `sales_orders`
--

LOCK TABLES `sales_orders` WRITE;
/*!40000 ALTER TABLE `sales_orders` DISABLE KEYS */;
INSERT INTO `sales_orders` VALUES (1,1,1,3384.37,'2021-03-02 00:00:00',34.37,3350,'1'),(2,2,1,326.25,'2021-03-02 00:00:00',26.25,300,'1'),(3,3,1,710,'2021-03-04 00:00:00',10,700,'1'),(4,4,1,1415,'2021-03-04 00:00:00',0,1415,'1'),(5,5,1,228,'2021-03-05 00:00:00',0,228,'1'),(6,6,1,565,'2021-03-05 00:00:00',0,565,'1'),(7,7,1,1025,'2021-03-05 00:00:00',0,1025,'1'),(8,8,1,1100,'2021-03-07 00:00:00',0,1100,'1'),(9,9,1,950,'2021-03-07 00:00:00',0,950,'1'),(10,10,1,1125,'2021-03-07 00:00:00',0,1125,'1'),(11,11,1,2360,'2021-03-07 00:00:00',0,2360,'1'),(12,12,1,563,'2021-03-07 00:00:00',0,563,'1'),(13,13,1,275,'2021-03-08 00:00:00',0,275,'1'),(14,14,1,550,'2021-03-08 00:00:00',0,550,'1'),(15,15,1,500,'2021-03-09 00:00:00',0,500,'1'),(16,16,1,195,'2021-03-09 00:00:00',195,0,'2'),(17,17,1,850,'2021-03-09 00:00:00',0,850,'1'),(18,18,1,1130,'2021-03-09 00:00:00',0,1130,'1'),(19,19,1,860,'2021-03-09 00:00:00',0,860,'1'),(20,20,1,685,'2021-03-12 00:00:00',0,685,'1'),(21,21,1,930,'2021-03-12 00:00:00',0,930,'1'),(22,22,1,115,'2021-03-12 00:00:00',115,0,'2'),(23,23,1,115,'2021-03-12 00:00:00',115,0,'2'),(24,24,1,215,'2021-03-12 00:00:00',215,0,'2'),(25,25,1,750,'2021-03-13 00:00:00',0,750,'1'),(26,26,1,115,'2021-03-13 00:00:00',115,0,'2'),(27,27,1,2968,'2021-03-13 00:00:00',0,2968,'1'),(28,2,1,704,'2021-03-14 00:00:00',204,500,'1'),(29,28,1,410,'2021-03-14 00:00:00',0,410,'1'),(30,29,1,2060,'2021-03-15 00:00:00',60,2000,'1'),(31,30,1,1000,'2021-03-15 00:00:00',0,1000,'1'),(32,31,1,1000,'2021-03-15 00:00:00',0,1000,'1'),(33,32,1,275,'2021-03-16 00:00:00',0,275,'1'),(34,33,1,1165,'2021-03-16 00:00:00',0,1165,'1'),(35,34,1,750,'2021-03-17 00:00:00',250,500,'1'),(36,35,1,350,'2021-03-17 00:00:00',0,350,'1'),(37,36,1,698,'2021-03-18 00:00:00',0,698,'1'),(38,37,1,350,'2021-03-21 00:00:00',0,350,'1'),(39,38,1,595,'2021-03-21 00:00:00',0,595,'1'),(40,11,1,2360,'2021-03-22 00:00:00',60,2300,'1'),(41,40,1,1310,'2021-03-22 00:00:00',10,1300,'1'),(42,41,1,775,'2021-03-23 00:00:00',25,750,'1'),(43,42,1,231,'2021-03-23 00:00:00',31,200,'1'),(44,43,1,915,'2021-03-23 00:00:00',15,900,'1'),(45,20,1,375,'2021-03-25 00:00:00',25,350,'1'),(46,44,1,1750,'2021-03-26 00:00:00',50,1700,'1'),(47,27,1,2070,'2021-03-27 00:00:00',70,2000,'1'),(48,45,1,595,'2021-01-02 00:00:00',0,595,'1'),(49,46,1,355,'2021-01-03 00:00:00',0,355,'1'),(50,47,1,2895,'2021-01-03 00:00:00',95,2800,'1'),(51,44,1,1010,'2021-01-03 00:00:00',10,1000,'1'),(52,48,1,4630,'2021-01-03 00:00:00',130,4500,'1'),(53,49,1,228,'2021-01-04 00:00:00',28,200,'1'),(54,19,1,621,'2021-01-04 00:00:00',21,600,'1'),(55,50,1,1142,'2021-01-04 00:00:00',42,1100,'1'),(56,51,1,1359,'2021-01-04 00:00:00',59,1300,'1'),(57,47,1,620,'2021-01-05 00:00:00',20,600,'1'),(58,52,1,1000,'2021-01-06 00:00:00',0,1000,'1'),(59,53,1,2320,'2021-01-06 00:00:00',20,2300,'1'),(60,54,1,114,'2021-01-06 00:00:00',14,100,'1'),(61,27,1,1375,'2021-01-06 00:00:00',75,1300,'1'),(62,55,1,5870,'2021-01-06 00:00:00',70,5800,'1'),(63,11,1,5740,'2021-01-09 00:00:00',40,5700,'1'),(64,10,1,750,'2021-01-09 00:00:00',50,700,'1'),(65,56,1,815,'2021-01-09 00:00:00',15,800,'1'),(66,57,1,1190,'2021-01-11 00:00:00',90,1100,'1'),(67,58,1,920,'2021-01-13 00:00:00',20,900,'1'),(68,59,1,2175,'2021-01-15 00:00:00',75,2100,'1'),(69,60,1,1375,'2021-01-15 00:00:00',25,1350,'1'),(70,61,1,3267,'2021-01-15 00:00:00',67,3200,'1'),(71,62,1,1265,'2021-01-15 00:00:00',65,1200,'1'),(72,63,1,1100,'2021-01-15 00:00:00',0,1100,'1'),(73,64,1,500,'2021-01-15 00:00:00',0,500,'1'),(74,65,1,2905,'2021-01-16 00:00:00',5,2900,'1'),(75,40,1,2630,'2021-01-16 00:00:00',30,2600,'1'),(76,9,1,1630,'2021-01-16 00:00:00',30,1600,'1'),(77,12,1,350,'2021-01-17 00:00:00',0,350,'1'),(78,67,1,280,'2021-01-17 00:00:00',0,280,'1'),(79,68,1,1460,'2021-01-19 00:00:00',60,1400,'1'),(80,69,1,750,'2021-01-19 00:00:00',0,750,'1'),(81,70,1,350,'2021-01-19 00:00:00',0,350,'1'),(82,71,1,1405,'2021-01-19 00:00:00',5,1400,'1'),(83,42,1,352,'2021-01-19 00:00:00',2,350,'1'),(84,72,1,2075,'2021-01-19 00:00:00',75,2000,'1'),(85,73,1,1817,'2021-01-19 00:00:00',17,1800,'1'),(86,74,1,75,'2021-01-21 00:00:00',75,0,'2'),(87,75,1,75,'2021-01-21 00:00:00',75,0,'2'),(88,4,1,3090,'2021-01-20 00:00:00',90,3000,'1'),(89,77,1,4105,'2021-01-20 00:00:00',105,4000,'1'),(90,78,1,1000,'2021-01-20 00:00:00',0,1000,'1'),(91,79,1,540,'2021-01-20 00:00:00',40,500,'1'),(92,80,1,385,'2021-01-21 00:00:00',35,350,'1'),(93,81,1,375,'2021-01-21 00:00:00',25,350,'1'),(94,58,1,1032,'2021-01-21 00:00:00',32,1000,'1'),(95,82,1,665,'2021-01-21 00:00:00',15,650,'1'),(96,83,1,385,'2021-01-21 00:00:00',35,350,'1'),(97,84,1,31,'2021-01-22 00:00:00',31,0,'2'),(98,85,1,75,'2021-01-22 00:00:00',75,0,'2'),(99,86,1,75,'2021-01-22 00:00:00',75,0,'2'),(100,87,1,580,'2021-01-22 00:00:00',30,550,'1'),(101,88,1,1680,'2021-01-23 00:00:00',30,1650,'1'),(102,27,1,1350,'2021-01-23 00:00:00',50,1300,'1'),(103,89,1,1878,'2021-01-23 00:00:00',78,1800,'1'),(104,90,1,33,'2021-01-23 00:00:00',33,0,'2'),(105,27,1,6605,'2021-01-24 00:00:00',5,6600,'1'),(106,67,1,600,'2021-01-25 00:00:00',150,450,'1'),(107,14,1,380,'2021-01-25 00:00:00',0,380,'1'),(108,91,1,1750,'2021-01-25 00:00:00',50,1700,'1'),(109,88,1,380,'2021-01-29 00:00:00',30,350,'1'),(110,92,1,520,'2021-01-29 00:00:00',20,500,'1'),(111,93,1,4129,'2021-01-29 00:00:00',29,4100,'1'),(112,94,1,190,'2021-01-29 00:00:00',0,190,'1'),(113,17,1,44,'2021-01-30 00:00:00',44,0,'2'),(114,18,1,1260,'2021-01-30 00:00:00',10,1250,'1'),(115,96,1,565,'2021-01-30 00:00:00',15,550,'1'),(116,2,1,440,'2021-01-31 00:00:00',0,440,'1'),(117,80,1,330,'2021-01-31 00:00:00',0,330,'1'),(118,97,1,1555,'2021-01-31 00:00:00',55,1500,'1'),(119,98,1,2165,'2021-01-31 00:00:00',65,2100,'1'),(120,99,1,982,'2021-02-01 00:00:00',2,980,'1'),(121,100,1,38,'2021-02-01 00:00:00',38,0,'2'),(122,4,1,850,'2021-02-01 00:00:00',0,850,'1'),(123,101,1,375,'2021-02-01 00:00:00',375,0,'2'),(124,29,1,550,'2021-02-02 00:00:00',0,550,'1'),(125,32,1,1060,'2021-02-03 00:00:00',60,1000,'1'),(126,103,1,1390.5,'2021-02-04 00:00:00',40.5,1350,'1'),(127,20,1,440,'2021-02-04 00:00:00',40,400,'1'),(128,47,1,4635,'2021-02-04 00:00:00',35,4600,'1'),(129,44,1,940,'2021-02-04 00:00:00',40,900,'1'),(130,104,1,565,'2021-02-05 00:00:00',15,550,'1'),(131,62,1,480,'2021-02-06 00:00:00',0,480,'1'),(132,25,1,1355,'2021-02-06 00:00:00',55,1300,'1'),(133,105,1,705,'2021-02-07 00:00:00',5,700,'1'),(134,58,1,380,'2021-02-07 00:00:00',30,350,'1'),(135,28,1,3280,'2021-02-07 00:00:00',80,3200,'1'),(136,83,1,562.5,'2021-02-08 00:00:00',62.5,500,'1'),(137,106,1,660,'2021-02-08 00:00:00',10,650,'1'),(138,34,1,380,'2021-02-09 00:00:00',0,380,'1'),(139,107,1,165,'2021-02-09 00:00:00',0,165,'1'),(140,79,1,750,'2021-02-09 00:00:00',0,750,'1'),(141,108,1,480,'2021-02-09 00:00:00',0,480,'1'),(142,32,1,2150,'2021-02-10 00:00:00',50,2100,'1'),(143,109,1,1280,'2021-02-10 00:00:00',30,1250,'1'),(144,5,1,785,'2021-02-10 00:00:00',35,750,'1'),(145,110,1,1812,'2021-02-10 00:00:00',12,1800,'1'),(146,103,1,1100,'2021-02-11 00:00:00',0,1100,'1'),(147,111,1,2189,'2021-02-11 00:00:00',89,2100,'1'),(148,4,1,1388,'2021-02-11 00:00:00',38,1350,'1'),(149,3,1,1225,'2021-02-11 00:00:00',25,1200,'1'),(150,112,1,1515,'2021-02-12 00:00:00',15,1500,'1'),(151,83,1,1316.2,'2021-02-12 00:00:00',16.2,1300,'1'),(152,67,1,250,'2021-02-12 00:00:00',0,250,'1'),(153,113,1,2110,'2021-02-12 00:00:00',10,2100,'1'),(154,30,1,140,'2021-02-12 00:00:00',0,140,'1'),(155,114,1,1180,'2021-02-13 00:00:00',30,1150,'1'),(156,115,1,375,'2021-02-13 00:00:00',0,375,'1'),(157,89,1,190,'2021-02-13 00:00:00',0,190,'1'),(158,26,1,840,'2021-02-13 00:00:00',0,840,'1'),(159,65,1,363,'2021-02-15 00:00:00',3,360,'1'),(160,116,1,900,'2021-02-15 00:00:00',0,900,'1'),(161,117,1,2315,'2021-02-15 00:00:00',15,2300,'1'),(162,118,1,2310,'2021-02-16 00:00:00',10,2300,'1'),(163,119,1,2816,'2021-02-17 00:00:00',16,2800,'1'),(164,109,1,1140,'2021-02-17 00:00:00',40,1100,'1'),(165,120,1,700,'2021-02-18 00:00:00',0,700,'1'),(166,8,1,1680,'2021-02-19 00:00:00',30,1650,'1'),(167,88,1,190,'2021-02-20 00:00:00',0,190,'1'),(168,53,1,3190,'2021-02-20 00:00:00',90,3100,'1'),(169,26,1,620,'2021-02-20 00:00:00',20,600,'1'),(170,61,1,350,'2021-02-20 00:00:00',0,350,'1'),(171,13,1,502,'2021-02-21 00:00:00',2,500,'1'),(172,58,1,280,'2021-02-21 00:00:00',0,280,'1'),(173,2,1,475,'2021-02-21 00:00:00',0,475,'1'),(174,121,1,1485,'2021-02-22 00:00:00',35,1450,'1'),(175,17,1,850,'2021-02-22 00:00:00',0,850,'1'),(176,73,1,775,'2021-02-22 00:00:00',25,750,'1'),(177,79,1,220,'2021-02-22 00:00:00',0,220,'1'),(178,116,1,600,'2021-02-23 00:00:00',0,600,'1'),(179,20,1,440,'2021-02-23 00:00:00',0,440,'1'),(180,52,1,480,'2021-02-26 00:00:00',0,480,'1'),(181,114,1,3100,'2021-02-26 00:00:00',0,3100,'1'),(182,27,1,750,'2021-02-27 00:00:00',0,750,'1'),(183,115,1,2140,'2021-02-04 00:00:00',40,2100,'1'),(184,122,1,760,'2021-02-28 00:00:00',10,750,'1'),(185,123,1,1000,'2021-02-28 00:00:00',0,1000,'1'),(186,57,1,745,'2021-02-28 00:00:00',45,700,'1'),(187,108,1,900,'2021-02-28 00:00:00',0,900,'1'),(188,124,1,2315,'2021-02-28 00:00:00',15,2300,'1'),(189,125,1,75,'2021-04-01 00:00:00',75,0,'2'),(190,120,1,375,'2021-04-01 00:00:00',25,350,'1'),(191,4,1,1625,'2021-04-01 00:00:00',25,1600,'1'),(192,126,1,75,'2021-04-01 00:00:00',75,0,'2'),(193,127,1,845,'2021-04-01 00:00:00',45,800,'1'),(194,112,1,775,'2021-04-02 00:00:00',25,750,'1'),(195,8,1,1100,'2021-04-02 00:00:00',0,1100,'1'),(196,11,1,440,'2021-04-01 00:00:00',0,440,'1'),(197,12,1,190,'2021-04-02 00:00:00',0,190,'1'),(198,74,1,1450,'2021-04-03 00:00:00',0,1450,'1'),(199,62,1,1000,'2021-04-03 00:00:00',0,1000,'1'),(200,128,1,1542,'2021-04-03 00:00:00',42,1500,'1'),(201,57,1,1280,'2021-04-04 00:00:00',30,1250,'1'),(202,102,1,704,'2021-04-05 00:00:00',4,700,'1'),(203,68,1,1160,'2021-04-05 00:00:00',10,1150,'1'),(204,73,1,1510,'2021-04-05 00:00:00',10,1500,'1'),(205,96,1,309,'2021-04-05 00:00:00',9,300,'1'),(206,129,1,600,'2021-04-05 00:00:00',0,600,'1'),(207,130,1,3455,'2021-04-05 00:00:00',55,3400,'1'),(208,34,1,1326,'2021-04-05 00:00:00',26,1300,'1'),(209,79,1,375,'2021-04-05 00:00:00',0,375,'1'),(210,131,1,1760,'2021-04-05 00:00:00',10,1750,'1'),(211,116,1,1200,'2021-04-06 00:00:00',0,1200,'1'),(212,24,1,3500,'2021-04-06 00:00:00',0,3500,'1'),(213,132,1,1875,'2021-04-06 00:00:00',75,1800,'1'),(214,65,1,440,'2021-04-06 00:00:00',0,440,'1'),(215,20,1,310,'2021-04-06 00:00:00',10,300,'1'),(216,133,1,100,'2021-04-06 00:00:00',100,0,'2'),(217,74,1,540,'2021-02-06 00:00:00',0,540,'1'),(218,115,1,2495,'2021-02-06 00:00:00',0,2495,'1');
/*!40000 ALTER TABLE `sales_orders` ENABLE KEYS */;
UNLOCK TABLES;
/*!40103 SET TIME_ZONE=@OLD_TIME_ZONE */;

/*!40101 SET SQL_MODE=@OLD_SQL_MODE */;
/*!40014 SET FOREIGN_KEY_CHECKS=@OLD_FOREIGN_KEY_CHECKS */;
/*!40014 SET UNIQUE_CHECKS=@OLD_UNIQUE_CHECKS */;
/*!40101 SET CHARACTER_SET_CLIENT=@OLD_CHARACTER_SET_CLIENT */;
/*!40101 SET CHARACTER_SET_RESULTS=@OLD_CHARACTER_SET_RESULTS */;
/*!40101 SET COLLATION_CONNECTION=@OLD_COLLATION_CONNECTION */;
/*!40111 SET SQL_NOTES=@OLD_SQL_NOTES */;

-- Dump completed on 2021-09-21 16:49:58
